{
    "camera": {
        "moveSpeed": 5.0,
        "position": [
            4.084115505218506,
            6.464173316955566,
            20.49130630493164
        ],
        "rotation": [
            -0.021531248465180397,
            -0.131703183054924,
            0.0
        ]
    },
    "environment": {
        "light": {
            "ambient": 0.25,
            "diffuse": 0.8999999761581421,
            "direction": [
                -0.8999999761581421,
                -0.15000000596046448,
                -0.30000001192092896
            ]
        },
        "sky": {
            "horizonColor": [
                0.949999988079071,
                0.44999998807907104,
                0.25
            ],
            "sunColor": [
                1.0,
                0.699999988079071,
                0.44999998807907104
            ],
            "sunIntensity": 1.5,
            "sunSize": 0.019999999552965164,
            "zenithColor": [
                0.20000000298023224,
                0.15000000596046448,
                0.3499999940395355
            ]
        }
    },
    "objects": [
        {
            "children": [
                {
                    "components": [
                        {
                            "color": [
                                0.949999988079071,
                                0.550000011920929,
                                0.20000000298023224,
                                1.0
                            ],
                            "mesh": "cube",
                            "type": "MeshRenderer"
                        }
                    ],
                    "name": "Cube2",
                    "position": [
                        7.060999870300293,
                        5.099999904632568,
                        10.039999961853027
                    ],
                    "rotation": [
                        0.0,
                        0.0,
                        0.0
                    ],
                    "scale": [
                        0.5,
                        0.5,
                        0.5
                    ]
                }
            ],
            "components": [
                {
                    "color": [
                        0.949999988079071,
                        0.550000011920929,
                        0.20000000298023224,
                        1.0
                    ],
                    "mesh": "cube",
                    "type": "MeshRenderer"
                }
            ],
            "name": "Cube1",
            "position": [
                -1.6337308883666992,
                0.5,
                -0.4761202335357666
            ],
            "rotation": [
                0.0,
                0.0,
                0.0
            ],
            "scale": [
                0.5,
                0.5,
                0.5
            ]
        }
    ],
    "settings": {},
    "version": 1
}
